epoch,time,train/box_loss,train/cls_loss,train/dfl_loss,metrics/precision(B),metrics/recall(B),metrics/mAP50(B),metrics/mAP50-95(B),val/box_loss,val/cls_loss,val/dfl_loss,lr/pg0,lr/pg1,lr/pg2
1,70.0814,1.96089,32.3661,0.94695,0.00355,0.10938,0.00128,0.00052,2.21271,130.654,1.05422,0.0003,0.0003,0.0003
2,141.441,1.81257,5.58751,0.90405,0.00176,0.03906,0.00041,0.00016,2.521,140.947,1.0487,0.000617954,0.000617954,0.000617954
3,216.115,1.764,1.98379,0.90471,0.0007,0.02344,0.0004,0.00013,3.01332,10.5653,1.49017,0.000933796,0.000933796,0.000933796
4,292.71,1.89354,1.58169,0.89768,0.56414,0.02064,0.02914,0.01011,3.67132,3.99967,2.49227,0.00124753,0.00124753,0.00124753
5,369.919,1.88284,1.52631,0.92955,0.00037,0.00781,0.00013,4e-05,3.87228,617.684,2.94881,0.00155914,0.00155914,0.00155914
6,452.415,1.99767,1.5808,0.94722,0,0,0,0,0,507627,0,0.00186865,0.00186865,0.00186865
7,522.511,2.06948,1.62181,0.9317,0,0,0,0,0.03975,226064,0.15129,0.0019604,0.0019604,0.0019604
8,593.5,1.93815,1.40526,0.92776,0.00992,0.03906,0.00191,0.00071,3.04152,97.2272,2.18975,0.0019538,0.0019538,0.0019538
9,665.697,1.91866,1.28905,0.8943,0.37039,0.16406,0.12776,0.04444,2.21603,2.53563,0.97703,0.0019472,0.0019472,0.0019472
10,739.806,1.83336,1.29022,0.90375,0.2235,0.07812,0.07993,0.03351,2.72701,2.38262,1.16573,0.0019406,0.0019406,0.0019406
11,814.851,1.7283,1.22192,0.88414,0.73362,0.11719,0.14814,0.07015,2.08889,1.69884,0.94991,0.001934,0.001934,0.001934
12,874.702,1.7773,1.25182,0.91417,0,0,0,0,5.332,9.74241,10.5955,0.0019274,0.0019274,0.0019274
13,949.658,1.73302,1.13363,0.89971,0.54703,0.13281,0.13866,0.05267,2.32295,3.43469,1.04861,0.0019208,0.0019208,0.0019208
14,1022.1,1.64925,1.1806,0.88503,0.85338,0.54567,0.68043,0.32062,1.73097,1.42978,0.90153,0.0019142,0.0019142,0.0019142
15,1088.9,1.59631,1.13634,0.88361,0.85177,0.65625,0.75843,0.31695,1.90918,1.55601,0.97298,0.0019076,0.0019076,0.0019076
16,1150.03,1.61664,1.05355,0.87575,0.74931,0.58381,0.67333,0.28362,1.90321,1.55489,0.90653,0.001901,0.001901,0.001901
17,1214.85,1.67005,1.07398,0.884,0.76036,0.57812,0.64978,0.24521,2.1406,1.62143,0.95871,0.0018944,0.0018944,0.0018944
18,1288.85,1.64565,1.06943,0.88339,0.87456,0.49219,0.5441,0.21521,1.85158,1.59192,0.91881,0.0018878,0.0018878,0.0018878
19,1363.4,1.65525,1.02735,0.87172,0.80957,0.03906,0.04046,0.0214,1.75473,7.09114,1.26549,0.0018812,0.0018812,0.0018812
20,1427.02,1.76857,1.10388,0.88828,0.68535,0.45947,0.5108,0.23323,1.89167,1.74029,0.96957,0.0018746,0.0018746,0.0018746
21,1487.56,1.5908,0.99862,0.8819,0.72442,0.43128,0.52162,0.26732,1.70159,1.50923,0.90434,0.001868,0.001868,0.001868
22,1556.66,1.54236,0.95277,0.86783,0,0,0,0,4.8607,21024.7,11.4463,0.0018614,0.0018614,0.0018614
23,1620.8,1.57368,0.99371,0.85895,0.27825,0.04688,0.02484,0.01469,1.13366,15.9598,1.06404,0.0018548,0.0018548,0.0018548
24,1679.2,1.57226,0.93597,0.87352,0.02899,0.03125,0.02972,0.0074,5.00565,6.7912,9.60064,0.0018482,0.0018482,0.0018482
25,1742.48,1.54144,0.96027,0.8596,0.70626,0.52598,0.57583,0.29239,1.62453,1.17577,0.88608,0.0018416,0.0018416,0.0018416
26,1805.1,1.48968,0.93939,0.85238,0.64643,0.50781,0.53339,0.23306,1.85022,2.14149,0.89571,0.001835,0.001835,0.001835
27,1870.94,1.58639,0.88846,0.87067,0.72648,0.625,0.653,0.31939,1.87946,1.45293,0.92709,0.0018284,0.0018284,0.0018284
28,1931.53,1.53386,0.88411,0.87294,0.82832,0.67847,0.76681,0.37192,1.8347,1.1505,0.90385,0.0018218,0.0018218,0.0018218
29,1993.64,1.4769,0.83575,0.86401,0.90864,0.77707,0.85507,0.42898,1.74743,1.09118,0.89574,0.0018152,0.0018152,0.0018152
30,2057.41,1.44251,0.82765,0.85834,0.66161,0.75781,0.75631,0.37223,1.60382,1.16485,0.87285,0.0018086,0.0018086,0.0018086
31,2122.41,1.51281,0.87224,0.86565,0.82719,0.625,0.71711,0.35179,1.70903,1.69985,0.90174,0.001802,0.001802,0.001802
32,2185.17,1.47227,0.87402,0.86972,0.94943,0.73344,0.81762,0.39445,1.65386,1.13595,0.86857,0.0017954,0.0017954,0.0017954
33,2249.71,1.4128,0.81593,0.86072,0.83381,0.58797,0.72439,0.36775,1.633,1.16308,0.87282,0.0017888,0.0017888,0.0017888
34,2314.41,1.42069,0.82619,0.86898,0.89205,0.71015,0.7961,0.39958,1.59179,1.16427,0.87264,0.0017822,0.0017822,0.0017822
35,2377.61,1.37348,0.80568,0.84595,0.85127,0.65625,0.74332,0.40659,1.5919,1.17943,0.86799,0.0017756,0.0017756,0.0017756
36,2442.53,1.4372,0.86994,0.83484,0.88942,0.75411,0.82779,0.35828,1.76748,1.21796,0.91298,0.001769,0.001769,0.001769
37,2506.29,1.41652,0.83464,0.85194,0.84308,0.75553,0.83417,0.45267,1.52292,1.00712,0.87198,0.0017624,0.0017624,0.0017624
38,2571.52,1.4403,0.84942,0.84321,0.87689,0.69531,0.80057,0.41656,1.59651,1.13229,0.87889,0.0017558,0.0017558,0.0017558
39,2637.48,1.34548,0.80348,0.8461,0.84006,0.75,0.81817,0.43756,1.56109,1.01074,0.87379,0.0017492,0.0017492,0.0017492
40,2703.22,1.44075,0.87605,0.8427,0.7989,0.625,0.71141,0.36207,1.62407,1.31106,0.8758,0.0017426,0.0017426,0.0017426
41,2774.95,1.31702,0.79689,0.84046,0.66438,0.07812,0.08258,0.05352,2.52011,6.35787,3.75129,0.001736,0.001736,0.001736
42,2837.77,1.38606,0.81727,0.83979,0.82508,0.64844,0.75016,0.4281,1.40256,1.10051,0.84821,0.0017294,0.0017294,0.0017294
43,2899.12,1.29214,0.74148,0.82327,0.81345,0.78353,0.81407,0.45903,1.50492,1.12382,0.87209,0.0017228,0.0017228,0.0017228
44,2971.27,1.27412,0.71965,0.83148,0.28808,0.09375,0.07176,0.03259,2.05149,18.613,0.90668,0.0017162,0.0017162,0.0017162
45,3032.45,1.27179,0.72846,0.84723,0.8366,0.66406,0.76665,0.4384,1.42666,1.26014,0.86125,0.0017096,0.0017096,0.0017096
46,3092.88,1.21371,0.68374,0.83519,0.71466,0.57812,0.67636,0.37244,1.55961,1.36284,0.86265,0.001703,0.001703,0.001703
47,3153.11,1.36259,0.76676,0.83772,0.76617,0.53906,0.73072,0.37247,1.71275,1.46688,0.85953,0.0016964,0.0016964,0.0016964
48,3212.27,1.33995,0.74257,0.84416,0.76454,0.625,0.6797,0.30072,1.92475,1.32706,0.87385,0.0016898,0.0016898,0.0016898
49,3275.4,1.25792,0.71218,0.83355,0.83677,0.75,0.82177,0.44672,1.49226,1.05142,0.87116,0.0016832,0.0016832,0.0016832
50,3337.16,1.27725,0.72694,0.82849,0.83459,0.74894,0.81202,0.45378,1.42717,0.98044,0.86154,0.0016766,0.0016766,0.0016766
51,3402.4,1.23617,0.70408,0.81896,0.80522,0.77512,0.81983,0.3897,1.6396,1.19684,0.881,0.00167,0.00167,0.00167
52,3463.77,1.2687,0.75065,0.8184,0.93737,0.78125,0.83643,0.47772,1.3425,0.93458,0.85201,0.0016634,0.0016634,0.0016634
53,3523.58,1.2499,0.71134,0.82348,0.92856,0.75,0.85036,0.47915,1.42164,1.11947,0.85754,0.0016568,0.0016568,0.0016568
54,3583.98,1.30493,0.74042,0.8297,0.89603,0.71875,0.80787,0.45217,1.47088,1.14385,0.86551,0.0016502,0.0016502,0.0016502
55,3650.77,1.31063,0.74007,0.83429,0.86759,0.67188,0.78632,0.47041,1.35565,1.06679,0.85402,0.0016436,0.0016436,0.0016436
56,3712.24,1.26705,0.75394,0.83395,0.85747,0.79903,0.84967,0.47673,1.3504,0.91638,0.85244,0.001637,0.001637,0.001637
57,3771.6,1.22155,0.68338,0.81898,0.4907,0.10156,0.12247,0.06945,2.74007,4.45399,1.02724,0.0016304,0.0016304,0.0016304
58,3836.05,1.25231,0.72319,0.83138,0.85317,0.68093,0.79571,0.4516,1.37215,0.92271,0.85074,0.0016238,0.0016238,0.0016238
59,3895.7,1.22577,0.69746,0.82268,0.85626,0.69531,0.8105,0.51331,1.36637,1.11664,0.85754,0.0016172,0.0016172,0.0016172
60,3956.05,1.22564,0.65182,0.8403,0.82182,0.6486,0.76848,0.42611,1.46379,1.08961,0.86978,0.0016106,0.0016106,0.0016106
61,4016.55,1.24672,0.69355,0.81554,0.95847,0.78906,0.87366,0.53763,1.3606,0.95782,0.85975,0.001604,0.001604,0.001604
62,4076.31,1.15243,0.6253,0.81652,0.92462,0.73438,0.84668,0.51248,1.30078,0.98621,0.85011,0.0015974,0.0015974,0.0015974
63,4136.79,1.17761,0.64884,0.81922,0.7934,0.72004,0.80442,0.38827,1.60808,1.11509,0.87481,0.0015908,0.0015908,0.0015908
64,4198.18,1.20205,0.67229,0.83564,0.94705,0.75781,0.85608,0.51734,1.23775,0.78539,0.84742,0.0015842,0.0015842,0.0015842
65,4259.14,1.21559,0.66915,0.82027,0.90607,0.75363,0.87072,0.53201,1.23478,0.78386,0.84596,0.0015776,0.0015776,0.0015776
66,4319.61,1.13398,0.59204,0.81713,0.95206,0.75,0.86883,0.53129,1.20325,0.85644,0.8423,0.001571,0.001571,0.001571
67,4382.72,1.12034,0.63385,0.82487,0.88036,0.79688,0.86007,0.51649,1.31119,0.86873,0.84915,0.0015644,0.0015644,0.0015644
68,4443.57,1.18563,0.70125,0.83027,0.86945,0.72656,0.82643,0.46535,1.35742,0.91221,0.85169,0.0015578,0.0015578,0.0015578
69,4505.97,1.20106,0.64788,0.81617,0.91877,0.79532,0.87796,0.52689,1.38112,0.8934,0.85994,0.0015512,0.0015512,0.0015512
70,4567.74,1.17359,0.6545,0.80099,0.94136,0.80469,0.87069,0.48657,1.43266,0.86068,0.86341,0.0015446,0.0015446,0.0015446
71,4628.16,1.10121,0.64038,0.81864,0.91898,0.79749,0.87793,0.52441,1.24196,0.8328,0.85489,0.001538,0.001538,0.001538
72,4690.39,1.08469,0.60715,0.81805,0.90928,0.78301,0.85764,0.50626,1.37486,0.80486,0.85939,0.0015314,0.0015314,0.0015314
73,4750.23,1.14371,0.64279,0.80249,0.96731,0.75781,0.86583,0.54472,1.25188,0.98084,0.85536,0.0015248,0.0015248,0.0015248
74,4811.55,1.17544,0.63019,0.81766,0.88721,0.79893,0.85878,0.51236,1.29565,0.75734,0.85499,0.0015182,0.0015182,0.0015182
75,4873.93,1.16902,0.66455,0.82986,0.83753,0.71094,0.79352,0.45839,1.33226,0.89725,0.8572,0.0015116,0.0015116,0.0015116
76,4934.01,1.21575,0.67315,0.82154,0.89081,0.69531,0.83423,0.43246,1.53305,0.91917,0.86188,0.001505,0.001505,0.001505
77,4994.48,1.14401,0.62223,0.81596,0.90859,0.75781,0.85025,0.5015,1.22821,0.81901,0.84368,0.0014984,0.0014984,0.0014984
78,5056.41,1.14407,0.63779,0.81209,0.93573,0.79617,0.8655,0.51707,1.26713,0.86308,0.8448,0.0014918,0.0014918,0.0014918
79,5117.54,1.17018,0.6312,0.8125,0.89088,0.76562,0.86798,0.51175,1.26594,0.7693,0.84194,0.0014852,0.0014852,0.0014852
80,5177.84,1.13583,0.61937,0.8046,0.86946,0.69531,0.80313,0.47146,1.32885,0.93497,0.8544,0.0014786,0.0014786,0.0014786
81,5237.57,1.15764,0.62303,0.8152,0.93441,0.82812,0.9069,0.55664,1.25449,0.84061,0.84785,0.001472,0.001472,0.001472
82,5298.8,1.1264,0.60285,0.81933,0.90431,0.78906,0.86946,0.5018,1.30341,0.91615,0.85629,0.0014654,0.0014654,0.0014654
83,5358.08,1.09597,0.60198,0.8036,0.82898,0.83315,0.85365,0.52188,1.26935,0.85319,0.84774,0.0014588,0.0014588,0.0014588
84,5417.25,1.09224,0.56272,0.82018,0.87114,0.68658,0.81791,0.47204,1.29854,0.86353,0.85112,0.0014522,0.0014522,0.0014522
85,5476.12,1.11582,0.55605,0.82211,0.90326,0.72949,0.81889,0.44152,1.4217,1.06906,0.86568,0.0014456,0.0014456,0.0014456
86,5536.57,1.1119,0.5631,0.81738,0.83808,0.80875,0.86382,0.54501,1.16587,0.78934,0.84284,0.001439,0.001439,0.001439
87,5596.73,1.08166,0.57993,0.79961,0.77855,0.71875,0.80076,0.47523,1.26286,0.82508,0.84687,0.0014324,0.0014324,0.0014324
88,5656.1,1.04342,0.53999,0.81075,0.81765,0.8057,0.85191,0.55688,1.15058,0.79748,0.83857,0.0014258,0.0014258,0.0014258
89,5717.64,1.05527,0.56552,0.8122,0.91602,0.69531,0.85014,0.49851,1.36894,0.89837,0.85669,0.0014192,0.0014192,0.0014192
90,5788.32,1.09415,0.57408,0.80844,0.02039,0.13281,0.0093,0.00594,1.24173,506.133,0.84594,0.0014126,0.0014126,0.0014126
91,5850.97,1.09615,0.58256,0.80489,0.96107,0.77141,0.88328,0.54814,1.28854,0.92171,0.84264,0.001406,0.001406,0.001406
92,5910.61,1.07749,0.58077,0.82565,0.90065,0.77906,0.86247,0.51067,1.23618,0.93854,0.83451,0.0013994,0.0013994,0.0013994
93,5969.96,1.0675,0.56609,0.80879,0.87049,0.78764,0.86244,0.53304,1.23494,0.77073,0.83891,0.0013928,0.0013928,0.0013928
94,6032.12,0.99391,0.52898,0.81075,0.95506,0.83011,0.90127,0.56321,1.29945,0.83032,0.85895,0.0013862,0.0013862,0.0013862
95,6091.61,1.03571,0.54509,0.79823,0.8977,0.71875,0.84188,0.50017,1.27502,0.82261,0.84723,0.0013796,0.0013796,0.0013796
96,6150.47,1.10031,0.5808,0.80505,0.89404,0.72515,0.84578,0.51698,1.20532,0.96188,0.84484,0.001373,0.001373,0.001373
97,6209.27,1.08382,0.54292,0.79223,0.94451,0.79788,0.88133,0.53246,1.20213,0.82225,0.8392,0.0013664,0.0013664,0.0013664
98,6270.04,1.12651,0.55053,0.80724,0.91315,0.77344,0.87869,0.53925,1.21588,0.76502,0.84857,0.0013598,0.0013598,0.0013598
99,6329.22,1.00976,0.53206,0.82015,0.93438,0.77874,0.891,0.56019,1.12049,0.79799,0.84256,0.0013532,0.0013532,0.0013532
100,6389.8,1.06058,0.54862,0.80768,0.89612,0.80469,0.88393,0.57479,1.14115,0.66013,0.84606,0.0013466,0.0013466,0.0013466
101,6449.87,1.02846,0.55106,0.81116,0.88207,0.75781,0.87373,0.53879,1.20429,0.72573,0.84769,0.00134,0.00134,0.00134
102,6511.36,1.05522,0.5529,0.81114,0.90064,0.84375,0.8846,0.52895,1.26114,0.76729,0.86295,0.0013334,0.0013334,0.0013334
103,6571.76,1.04498,0.5607,0.80904,0.91987,0.8072,0.89405,0.5485,1.17969,0.70436,0.84541,0.0013268,0.0013268,0.0013268
104,6634.02,1.00762,0.52044,0.79737,0.92983,0.82825,0.89076,0.5601,1.15081,0.68198,0.83795,0.0013202,0.0013202,0.0013202
105,6694.06,1.07849,0.55911,0.81293,0.90747,0.76618,0.876,0.57965,1.15435,0.73868,0.843,0.0013136,0.0013136,0.0013136
106,6757.85,1.03735,0.57305,0.80529,0.91458,0.84375,0.90144,0.55632,1.21495,0.76258,0.85243,0.001307,0.001307,0.001307
107,6818.5,0.98005,0.53303,0.80399,0.90454,0.82812,0.87973,0.57605,1.0862,0.66302,0.84007,0.0013004,0.0013004,0.0013004
108,6878.27,0.94652,0.51385,0.80374,0.91817,0.7889,0.87453,0.553,1.10869,0.88219,0.8414,0.0012938,0.0012938,0.0012938
109,6939.08,0.91355,0.47625,0.79316,0.94948,0.8125,0.89574,0.55822,1.17817,0.77269,0.84246,0.0012872,0.0012872,0.0012872
110,6997.92,1.00785,0.52775,0.80526,0.93859,0.80469,0.8803,0.55599,1.15391,0.70601,0.8395,0.0012806,0.0012806,0.0012806
111,7059.08,1.02924,0.51859,0.8052,0.90624,0.83064,0.88968,0.57129,1.14262,0.7124,0.8514,0.001274,0.001274,0.001274
112,7120.55,0.99289,0.53016,0.80829,0.89189,0.77343,0.86405,0.53606,1.2431,0.83743,0.84691,0.0012674,0.0012674,0.0012674
113,7180.51,0.98918,0.53047,0.7997,0.92059,0.82812,0.88457,0.55291,1.21537,0.77262,0.84375,0.0012608,0.0012608,0.0012608
114,7241.04,1.0155,0.55916,0.80121,0.9157,0.76375,0.83944,0.52333,1.19659,0.73259,0.84485,0.0012542,0.0012542,0.0012542
115,7301.31,0.95624,0.5036,0.80096,0.94348,0.7825,0.87902,0.52353,1.19463,0.74229,0.85708,0.0012476,0.0012476,0.0012476
116,7361.24,0.96707,0.49573,0.79751,0.88748,0.8011,0.89385,0.58888,1.16663,0.73548,0.83984,0.001241,0.001241,0.001241
117,7420.63,0.98138,0.4885,0.81265,0.9188,0.72656,0.84734,0.50962,1.15011,0.75105,0.83608,0.0012344,0.0012344,0.0012344
118,7479.65,0.96088,0.50125,0.79869,0.88469,0.77922,0.88228,0.56066,1.11464,0.77216,0.8349,0.0012278,0.0012278,0.0012278
119,7538.85,0.93828,0.49846,0.79689,0.97112,0.84375,0.90627,0.59893,1.1029,0.8126,0.83795,0.0012212,0.0012212,0.0012212
120,7598.27,0.99357,0.51072,0.79782,0.95142,0.76505,0.88701,0.56404,1.10903,0.66645,0.83124,0.0012146,0.0012146,0.0012146
121,7657.97,0.96771,0.50778,0.79102,0.9119,0.8125,0.89263,0.57956,1.13985,0.63123,0.83727,0.001208,0.001208,0.001208
122,7717.99,1.01609,0.49114,0.8217,0.97832,0.70526,0.85923,0.55578,1.15287,0.74438,0.8432,0.0012014,0.0012014,0.0012014
123,7777.78,0.95752,0.51309,0.7834,0.96134,0.77713,0.88058,0.57203,1.11434,0.79807,0.83791,0.0011948,0.0011948,0.0011948
124,7837.24,1.03893,0.52936,0.80605,0.93843,0.71449,0.84318,0.50204,1.36056,0.96552,0.848,0.0011882,0.0011882,0.0011882
125,7896.35,1.01691,0.4912,0.80949,0.95602,0.84908,0.91498,0.56772,1.14078,0.7431,0.83304,0.0011816,0.0011816,0.0011816
126,7956.07,0.9867,0.4934,0.80108,0.92125,0.82031,0.90743,0.5986,1.0559,0.71513,0.82479,0.001175,0.001175,0.001175
127,8017.46,0.94736,0.49124,0.79954,0.95464,0.75,0.88956,0.56908,1.10301,0.65495,0.8343,0.0011684,0.0011684,0.0011684
128,8075.92,0.99266,0.48157,0.79908,0.98139,0.82411,0.91441,0.58125,1.22701,0.92263,0.85148,0.0011618,0.0011618,0.0011618
129,8134.67,1.00318,0.48829,0.80925,0.95715,0.79688,0.87608,0.54126,1.26232,0.79421,0.85123,0.0011552,0.0011552,0.0011552
130,8194.79,1.05657,0.52209,0.80967,0.88506,0.78205,0.84925,0.54308,1.1444,0.75277,0.84321,0.0011486,0.0011486,0.0011486
131,8254.92,1.00436,0.48013,0.80623,0.95957,0.80469,0.90222,0.58908,1.12228,0.81638,0.83793,0.001142,0.001142,0.001142
132,8317.76,0.9236,0.46705,0.79966,0.89238,0.75781,0.85868,0.55815,1.10105,0.78451,0.83703,0.0011354,0.0011354,0.0011354
133,8377.33,0.98238,0.50627,0.80127,0.92154,0.82812,0.90424,0.57573,1.14741,0.76942,0.83554,0.0011288,0.0011288,0.0011288
134,8439.35,0.95012,0.46387,0.79743,0.929,0.81782,0.89222,0.56098,1.10566,0.70352,0.8354,0.0011222,0.0011222,0.0011222
135,8500.67,0.93269,0.48589,0.78353,0.8783,0.84575,0.88724,0.55158,1.18826,0.7185,0.83898,0.0011156,0.0011156,0.0011156
136,8560.7,0.98228,0.46423,0.8047,0.97276,0.82812,0.91237,0.59768,1.23856,0.9032,0.84459,0.001109,0.001109,0.001109
137,8619.8,0.96191,0.48582,0.79583,0.96321,0.81815,0.90237,0.57735,1.20488,0.91992,0.84177,0.0011024,0.0011024,0.0011024
138,8678.83,0.95756,0.46596,0.8052,0.92439,0.77344,0.87603,0.57422,1.08239,0.76882,0.83237,0.0010958,0.0010958,0.0010958
139,8741.53,0.97992,0.49498,0.79118,0.8789,0.68043,0.80676,0.53694,1.06521,0.96779,0.82983,0.0010892,0.0010892,0.0010892
140,8801,0.9646,0.48909,0.81262,0.898,0.80469,0.87875,0.54318,1.16089,0.76395,0.84466,0.0010826,0.0010826,0.0010826
141,8859.74,0.94842,0.49978,0.7912,0.8947,0.78906,0.85108,0.53343,1.15985,0.84823,0.84527,0.001076,0.001076,0.001076
142,8920.62,0.91832,0.47633,0.79014,0.9635,0.82483,0.8981,0.58162,1.08457,0.70501,0.84111,0.0010694,0.0010694,0.0010694
143,8980.28,0.9318,0.48174,0.78596,0.9619,0.78899,0.87768,0.54407,1.20231,0.80302,0.84388,0.0010628,0.0010628,0.0010628
144,9040.63,0.96481,0.49674,0.80069,0.88139,0.75471,0.84844,0.53279,1.16207,0.81071,0.84563,0.0010562,0.0010562,0.0010562
145,9100.51,0.98226,0.46596,0.8191,0.93842,0.83345,0.90056,0.56264,1.26939,0.82918,0.85382,0.0010496,0.0010496,0.0010496
146,9160.74,0.92618,0.45869,0.82033,0.92753,0.79998,0.89515,0.58056,1.16803,0.73565,0.84131,0.001043,0.001043,0.001043
147,9220.34,0.88045,0.44422,0.79209,0.94117,0.82031,0.89622,0.58117,1.20639,0.78762,0.83764,0.0010364,0.0010364,0.0010364
148,9278.91,0.91259,0.46038,0.79219,0.94382,0.78747,0.88176,0.58142,1.14977,0.78691,0.83382,0.0010298,0.0010298,0.0010298
149,9337.37,0.87285,0.43244,0.78853,0.92722,0.79624,0.90434,0.58227,1.12152,0.7047,0.83582,0.0010232,0.0010232,0.0010232
150,9396.88,0.91193,0.44835,0.79615,0.92026,0.80469,0.88354,0.58655,1.09076,0.65153,0.84103,0.0010166,0.0010166,0.0010166
151,9456.11,0.87909,0.43133,0.78781,0.96422,0.84211,0.89973,0.59591,1.10369,0.70682,0.83832,0.00101,0.00101,0.00101
152,9516,0.91909,0.473,0.7953,0.89142,0.76968,0.86025,0.53145,1.13791,0.69305,0.83269,0.0010034,0.0010034,0.0010034
153,9574.95,0.93766,0.4639,0.80183,0.91751,0.75,0.88599,0.57372,1.08781,0.69897,0.83169,0.0009968,0.0009968,0.0009968
154,9634.1,0.92108,0.44612,0.79709,0.91588,0.8125,0.91046,0.5963,1.1037,0.69301,0.83715,0.0009902,0.0009902,0.0009902
155,9692.99,0.89088,0.44968,0.79683,0.94123,0.8125,0.9152,0.61192,1.09383,0.76606,0.84072,0.0009836,0.0009836,0.0009836
156,9752.63,0.91403,0.45744,0.80126,0.962,0.79121,0.90674,0.59814,1.12651,0.82976,0.84172,0.000977,0.000977,0.000977
157,9811.92,0.93957,0.46637,0.79401,0.94355,0.78347,0.89841,0.58628,1.21398,0.86008,0.85266,0.0009704,0.0009704,0.0009704
158,9871.34,0.95344,0.47458,0.79655,0.95499,0.82879,0.91796,0.57535,1.23809,0.69674,0.84514,0.0009638,0.0009638,0.0009638
159,9933.29,0.94228,0.47428,0.8078,0.96375,0.83078,0.90198,0.59101,1.17739,0.74046,0.84442,0.0009572,0.0009572,0.0009572
160,9992.61,0.93463,0.45443,0.80025,0.9655,0.83594,0.928,0.60866,1.1442,0.80406,0.8448,0.0009506,0.0009506,0.0009506
161,10052.2,0.91905,0.44738,0.78988,0.96185,0.78797,0.8967,0.56652,1.1339,0.83476,0.84319,0.000944,0.000944,0.000944
162,10111,0.91647,0.43518,0.79927,0.93294,0.85156,0.90959,0.60073,1.11353,0.72344,0.8441,0.0009374,0.0009374,0.0009374
163,10169.7,0.90926,0.43186,0.79862,0.93251,0.82812,0.90653,0.60336,1.0969,0.70524,0.83349,0.0009308,0.0009308,0.0009308
164,10229,0.90049,0.42507,0.78383,0.87831,0.78125,0.88176,0.57056,1.10661,0.70283,0.83604,0.0009242,0.0009242,0.0009242
165,10288.6,0.86918,0.42736,0.80357,0.84172,0.79688,0.86426,0.56025,1.14069,0.73432,0.83629,0.0009176,0.0009176,0.0009176
166,10348.7,0.9276,0.43975,0.80053,0.94491,0.80395,0.88827,0.59425,1.10872,0.70842,0.83993,0.000911,0.000911,0.000911
167,10408.3,0.88467,0.42355,0.79016,0.96132,0.77668,0.86684,0.56221,1.10153,0.7291,0.8325,0.0009044,0.0009044,0.0009044
168,10468,0.8908,0.42853,0.79327,0.95484,0.79688,0.91967,0.64868,0.96495,0.75633,0.83071,0.0008978,0.0008978,0.0008978
169,10526.9,0.89616,0.42127,0.79569,0.98425,0.8125,0.92962,0.65055,1.07397,0.89755,0.82714,0.0008912,0.0008912,0.0008912
170,10585.9,0.92166,0.44393,0.79587,0.96221,0.79569,0.91119,0.65038,1.0651,0.91404,0.83643,0.0008846,0.0008846,0.0008846
171,10645.2,0.86475,0.41796,0.80155,0.9733,0.82031,0.91542,0.62058,1.06849,0.85413,0.83476,0.000878,0.000878,0.000878
172,10705.6,0.85236,0.42812,0.78963,0.94472,0.78906,0.89032,0.60661,1.06645,0.74887,0.83499,0.0008714,0.0008714,0.0008714
173,10765.1,0.90054,0.42963,0.78892,0.96594,0.77344,0.89276,0.60969,1.09501,0.78145,0.83837,0.0008648,0.0008648,0.0008648
174,10824.7,0.90436,0.44492,0.803,0.91941,0.80216,0.89764,0.62145,1.09524,0.75251,0.84021,0.0008582,0.0008582,0.0008582
175,10883.9,0.88863,0.44447,0.79023,0.95636,0.79688,0.91132,0.60738,1.03793,0.73633,0.82979,0.0008516,0.0008516,0.0008516
176,10943,0.8525,0.43644,0.79081,0.94447,0.79727,0.90918,0.6327,0.97958,0.75526,0.83203,0.000845,0.000845,0.000845
177,11002.1,0.88804,0.41481,0.79905,0.89552,0.82812,0.90384,0.60613,1.08567,0.71695,0.83208,0.0008384,0.0008384,0.0008384
178,11061.7,0.91216,0.42302,0.78788,0.92615,0.78381,0.88595,0.59846,1.05001,0.70609,0.83201,0.0008318,0.0008318,0.0008318
179,11120.6,0.8864,0.4304,0.78921,0.93323,0.87349,0.93182,0.64931,1.02106,0.68924,0.83017,0.0008252,0.0008252,0.0008252
180,11180,0.83074,0.39998,0.79581,0.93897,0.85938,0.93026,0.64562,1.03758,0.71521,0.83492,0.0008186,0.0008186,0.0008186
181,11239.5,0.88201,0.41431,0.79524,0.90971,0.7872,0.90407,0.60182,1.07267,0.65632,0.83346,0.000812,0.000812,0.000812
182,11299.7,0.85283,0.41012,0.7833,0.88722,0.79901,0.87652,0.59496,1.08678,0.62063,0.84458,0.0008054,0.0008054,0.0008054
183,11361.4,0.93571,0.4483,0.78015,0.94759,0.71875,0.8663,0.57411,1.11238,0.66711,0.8464,0.0007988,0.0007988,0.0007988
184,11421.4,0.88764,0.4202,0.79188,0.89926,0.8125,0.90453,0.61907,1.08438,0.60963,0.84024,0.0007922,0.0007922,0.0007922
185,11481,0.87958,0.42756,0.79216,0.92198,0.79688,0.90413,0.60332,1.0931,0.67458,0.84104,0.0007856,0.0007856,0.0007856
186,11540.9,0.89837,0.41986,0.78285,0.94083,0.74219,0.88294,0.58172,1.12656,0.7765,0.8438,0.000779,0.000779,0.000779
187,11600.1,0.86806,0.42031,0.79398,0.90439,0.81287,0.9021,0.59406,1.0676,0.75999,0.83382,0.0007724,0.0007724,0.0007724
188,11659.1,0.85233,0.42267,0.77711,0.92852,0.81186,0.90493,0.60887,1.06236,0.76646,0.83061,0.0007658,0.0007658,0.0007658
189,11718.4,0.83054,0.39142,0.78363,0.94327,0.82031,0.91247,0.61262,1.04694,0.66204,0.83048,0.0007592,0.0007592,0.0007592
190,11777,0.92232,0.45026,0.7814,0.9574,0.77344,0.89834,0.56275,1.24144,0.7744,0.84372,0.0007526,0.0007526,0.0007526
191,11836.1,0.90059,0.42592,0.79945,0.98106,0.80935,0.92974,0.64716,1.06063,0.77214,0.83253,0.000746,0.000746,0.000746
192,11894.8,0.875,0.43565,0.80799,0.92834,0.8097,0.91438,0.61549,1.07434,0.72198,0.82903,0.0007394,0.0007394,0.0007394
193,11954.1,0.86605,0.41106,0.78566,0.91464,0.8125,0.90604,0.61531,1.09925,0.75582,0.83437,0.0007328,0.0007328,0.0007328
194,12013.4,0.84081,0.40367,0.79144,0.95153,0.80469,0.9023,0.6182,1.04602,0.75763,0.83182,0.0007262,0.0007262,0.0007262
195,12073,0.81512,0.38999,0.78456,0.92991,0.82922,0.91843,0.63486,1.02849,0.76836,0.83016,0.0007196,0.0007196,0.0007196
196,12132.4,0.79099,0.374,0.79045,0.91067,0.82031,0.89622,0.60031,1.08416,0.82965,0.83297,0.000713,0.000713,0.000713
197,12191.4,0.78061,0.38044,0.77039,0.86594,0.80742,0.8926,0.60731,1.04401,0.75771,0.83359,0.0007064,0.0007064,0.0007064
198,12250.8,0.7979,0.4005,0.78237,0.89504,0.8125,0.90304,0.61673,1.02624,0.69974,0.83072,0.0006998,0.0006998,0.0006998
199,12311.5,0.83864,0.39164,0.7945,0.97078,0.78906,0.91401,0.64287,1.00677,0.73515,0.82895,0.0006932,0.0006932,0.0006932
200,12370,0.88688,0.45128,0.78104,0.87906,0.82812,0.88774,0.59587,1.01349,0.67191,0.82702,0.0006866,0.0006866,0.0006866
201,12431.2,0.85471,0.40216,0.80407,0.9024,0.79454,0.88456,0.58869,1.09982,0.69903,0.8392,0.00068,0.00068,0.00068
202,12491.2,0.79228,0.39831,0.76692,0.93843,0.83357,0.92537,0.63236,1.03818,0.7081,0.83538,0.0006734,0.0006734,0.0006734
203,12550.7,0.82326,0.4023,0.80129,0.91315,0.82144,0.93021,0.64245,1.02595,0.68962,0.83529,0.0006668,0.0006668,0.0006668
204,12609.5,0.80917,0.38418,0.7935,0.90522,0.8208,0.9131,0.61521,1.07007,0.72519,0.83849,0.0006602,0.0006602,0.0006602
205,12667.8,0.82396,0.3978,0.77892,0.91949,0.80308,0.90798,0.62505,1.02626,0.7297,0.83248,0.0006536,0.0006536,0.0006536
206,12726.1,0.81937,0.40853,0.7809,0.93761,0.85156,0.9417,0.66147,1.03894,0.76777,0.83158,0.000647,0.000647,0.000647
207,12784.4,0.78966,0.39747,0.7891,0.92646,0.85156,0.93536,0.65385,1.06015,0.73299,0.8336,0.0006404,0.0006404,0.0006404
208,12843,0.83381,0.39851,0.78833,0.93664,0.85156,0.92349,0.64997,1.04392,0.71343,0.83197,0.0006338,0.0006338,0.0006338
209,12901.3,0.808,0.38459,0.79142,0.93141,0.84875,0.92596,0.6259,1.08106,0.69596,0.83754,0.0006272,0.0006272,0.0006272
210,12960.3,0.79414,0.39618,0.78627,0.98238,0.87123,0.94564,0.64762,1.09521,0.78971,0.83443,0.0006206,0.0006206,0.0006206
211,13018.4,0.80266,0.3799,0.78889,0.98222,0.86322,0.95014,0.65835,1.06483,0.78494,0.83226,0.000614,0.000614,0.000614
212,13076.7,0.79676,0.39232,0.78855,0.95387,0.8078,0.93396,0.62114,1.07828,0.69718,0.83622,0.0006074,0.0006074,0.0006074
213,13134.8,0.79666,0.38721,0.77024,0.91247,0.84375,0.91878,0.62932,1.04084,0.69217,0.83359,0.0006008,0.0006008,0.0006008
214,13192.7,0.77192,0.38438,0.78686,0.89372,0.85405,0.91675,0.62652,1.03959,0.69562,0.83534,0.0005942,0.0005942,0.0005942
215,13251.1,0.83616,0.39192,0.78821,0.92926,0.82106,0.92267,0.64395,1.08069,0.78969,0.83827,0.0005876,0.0005876,0.0005876
216,13308.7,0.77911,0.37366,0.78089,0.93861,0.83616,0.93609,0.62645,1.0825,0.70952,0.83539,0.000581,0.000581,0.000581
217,13367.3,0.83199,0.38779,0.78684,0.95478,0.82487,0.92801,0.63572,1.0491,0.65781,0.83034,0.0005744,0.0005744,0.0005744
218,13425.6,0.78922,0.37849,0.79091,0.97426,0.80469,0.92578,0.6297,1.03106,0.65522,0.82795,0.0005678,0.0005678,0.0005678
219,13484,0.74951,0.36891,0.78943,0.9352,0.85156,0.93371,0.65445,0.99929,0.68136,0.83053,0.0005612,0.0005612,0.0005612
220,13542,0.79078,0.36096,0.79632,0.91478,0.82812,0.91709,0.64045,1.00169,0.64621,0.83295,0.0005546,0.0005546,0.0005546
221,13600.1,0.81329,0.39452,0.77843,0.94078,0.85156,0.93685,0.66394,0.97916,0.63432,0.82507,0.000548,0.000548,0.000548
222,13658.2,0.77429,0.3641,0.79518,0.93212,0.85823,0.92708,0.64598,0.99006,0.65686,0.82883,0.0005414,0.0005414,0.0005414
223,13716.4,0.78164,0.3798,0.78483,0.95725,0.87469,0.93912,0.65494,1.01442,0.69498,0.82961,0.0005348,0.0005348,0.0005348
224,13774.4,0.74857,0.36617,0.78408,0.96397,0.83611,0.92823,0.6403,0.99909,0.6251,0.83003,0.0005282,0.0005282,0.0005282
225,13832.7,0.81351,0.37954,0.78672,0.94791,0.83594,0.93467,0.63215,1.04025,0.69046,0.8312,0.0005216,0.0005216,0.0005216
226,13891.2,0.80569,0.36589,0.78908,0.92995,0.85938,0.92384,0.63985,0.99129,0.6461,0.8318,0.000515,0.000515,0.000515
227,13949.7,0.81274,0.37896,0.78414,0.96285,0.80989,0.93634,0.66246,0.98388,0.70755,0.83131,0.0005084,0.0005084,0.0005084
228,14008.4,0.76995,0.35519,0.78552,0.94853,0.77344,0.92048,0.65899,0.98611,0.69462,0.82939,0.0005018,0.0005018,0.0005018
229,14067.2,0.7572,0.35596,0.77612,0.95822,0.82812,0.93928,0.66157,0.99655,0.68144,0.83077,0.0004952,0.0004952,0.0004952
230,14125.7,0.7337,0.35821,0.7689,0.93046,0.82812,0.93352,0.65397,0.98221,0.69683,0.83126,0.0004886,0.0004886,0.0004886
231,14183.9,0.75836,0.34617,0.77847,0.97177,0.80688,0.92008,0.64661,1.00045,0.73927,0.83071,0.000482,0.000482,0.000482
232,14242,0.78635,0.37775,0.77751,0.92194,0.82031,0.91651,0.64291,1.01385,0.69139,0.83157,0.0004754,0.0004754,0.0004754
233,14300.3,0.79347,0.38244,0.77505,0.88886,0.81225,0.90049,0.62756,1.00895,0.62865,0.83219,0.0004688,0.0004688,0.0004688
234,14358.8,0.75386,0.3646,0.78072,0.91466,0.83738,0.92443,0.65108,0.9742,0.64315,0.834,0.0004622,0.0004622,0.0004622
235,14416.7,0.7407,0.35906,0.77574,0.97052,0.82812,0.93841,0.65851,0.98949,0.68476,0.83112,0.0004556,0.0004556,0.0004556
236,14475.8,0.73337,0.34774,0.79258,0.9581,0.82812,0.933,0.66576,0.95935,0.63292,0.83092,0.000449,0.000449,0.000449
237,14534.3,0.77935,0.36915,0.77787,0.96316,0.81714,0.93636,0.66237,0.98175,0.65976,0.83001,0.0004424,0.0004424,0.0004424
238,14592.9,0.77082,0.3716,0.77203,0.93906,0.84267,0.93143,0.65594,0.97696,0.64002,0.83161,0.0004358,0.0004358,0.0004358
239,14652.2,0.76117,0.37121,0.7732,0.91248,0.8125,0.90746,0.63381,0.99943,0.64576,0.8342,0.0004292,0.0004292,0.0004292
240,14710.6,0.75693,0.36615,0.77774,0.92833,0.80954,0.91518,0.64697,1.00888,0.64271,0.83535,0.0004226,0.0004226,0.0004226
241,14769.2,0.73496,0.34876,0.77531,0.97205,0.81525,0.93856,0.66481,0.98751,0.64061,0.8344,0.000416,0.000416,0.000416
242,14828.4,0.78082,0.3684,0.78293,0.94913,0.83594,0.93765,0.664,0.94825,0.62136,0.83084,0.0004094,0.0004094,0.0004094
243,14887.3,0.75209,0.36388,0.77552,0.94586,0.81889,0.93994,0.65385,0.99009,0.6653,0.83119,0.0004028,0.0004028,0.0004028
244,14946.8,0.74828,0.36,0.77981,0.93872,0.83775,0.93261,0.64326,1.00133,0.67442,0.83132,0.0003962,0.0003962,0.0003962
245,15007.3,0.74564,0.35277,0.7974,0.93921,0.85156,0.93877,0.66561,1.00611,0.68744,0.83636,0.0003896,0.0003896,0.0003896
246,15065.8,0.76201,0.35829,0.77922,0.94599,0.82095,0.93427,0.65471,1.05894,0.85633,0.83928,0.000383,0.000383,0.000383
247,15124.2,0.73184,0.33863,0.79488,0.93781,0.85156,0.93032,0.66365,0.97597,0.74845,0.83125,0.0003764,0.0003764,0.0003764
248,15182.7,0.71555,0.34296,0.77062,0.92064,0.8125,0.92219,0.6456,0.99286,0.67273,0.83154,0.0003698,0.0003698,0.0003698
249,15240.9,0.74407,0.3466,0.78197,0.89083,0.82879,0.92247,0.64285,1.02195,0.62604,0.83445,0.0003632,0.0003632,0.0003632
250,15299.4,0.74386,0.35132,0.78415,0.93063,0.85156,0.92955,0.6563,0.99771,0.60703,0.83185,0.0003566,0.0003566,0.0003566
251,15358,0.71501,0.34367,0.77759,0.92325,0.84585,0.91076,0.65696,1.00082,0.6608,0.82993,0.00035,0.00035,0.00035
252,15416.8,0.77388,0.35562,0.78642,0.93033,0.8346,0.91531,0.65115,1.00039,0.64656,0.82883,0.0003434,0.0003434,0.0003434
253,15475.7,0.76533,0.35112,0.78567,0.94714,0.83999,0.92048,0.65094,0.99393,0.66736,0.82636,0.0003368,0.0003368,0.0003368
254,15534.4,0.71819,0.35761,0.77476,0.94992,0.82812,0.92921,0.65617,0.98849,0.63845,0.8293,0.0003302,0.0003302,0.0003302
255,15593.4,0.75415,0.35819,0.77081,0.9367,0.84375,0.92454,0.6445,1.01149,0.60474,0.83338,0.0003236,0.0003236,0.0003236
256,15652,0.76152,0.34949,0.77325,0.93114,0.84511,0.92544,0.65618,0.98635,0.62267,0.83239,0.000317,0.000317,0.000317
257,15710.9,0.73453,0.33978,0.77635,0.93101,0.83594,0.91273,0.64947,0.97217,0.59236,0.83179,0.0003104,0.0003104,0.0003104
258,15769.4,0.76026,0.36817,0.78944,0.93152,0.85014,0.91757,0.64752,0.97368,0.60673,0.83175,0.0003038,0.0003038,0.0003038
259,15827.6,0.71476,0.33315,0.7849,0.94009,0.85809,0.91861,0.65291,0.98862,0.6485,0.83318,0.0002972,0.0002972,0.0002972
260,15886,0.72214,0.33132,0.78549,0.92093,0.83594,0.90629,0.6422,1.00038,0.66117,0.83324,0.0002906,0.0002906,0.0002906
261,15944.9,0.72809,0.3366,0.79021,0.89827,0.82783,0.89404,0.62653,0.9878,0.64985,0.83146,0.000284,0.000284,0.000284
262,16003.2,0.75612,0.34169,0.78302,0.87979,0.8125,0.89433,0.63267,0.99106,0.64469,0.82938,0.0002774,0.0002774,0.0002774
263,16061.5,0.72115,0.34556,0.77229,0.91046,0.83594,0.90952,0.6401,1.01435,0.63207,0.82996,0.0002708,0.0002708,0.0002708
264,16121.1,0.70273,0.33265,0.78264,0.9467,0.85938,0.92538,0.66737,0.98563,0.62755,0.82865,0.0002642,0.0002642,0.0002642
265,16180.3,0.7449,0.34149,0.78873,0.93048,0.83594,0.91533,0.66545,0.99643,0.64881,0.83023,0.0002576,0.0002576,0.0002576
266,16239.2,0.74026,0.33284,0.78213,0.92376,0.852,0.92727,0.66709,0.97731,0.65327,0.83077,0.000251,0.000251,0.000251
267,16299.7,0.74978,0.33076,0.77846,0.90943,0.86298,0.92063,0.66017,0.97023,0.63321,0.82932,0.0002444,0.0002444,0.0002444
268,16359.2,0.72737,0.32995,0.78252,0.9502,0.82812,0.92763,0.66109,0.97658,0.62445,0.83033,0.0002378,0.0002378,0.0002378
269,16419,0.73682,0.35605,0.7836,0.93198,0.85642,0.92371,0.65187,0.98174,0.6024,0.83117,0.0002312,0.0002312,0.0002312
270,16478.8,0.70852,0.31413,0.78733,0.93184,0.85445,0.93247,0.65575,1.00102,0.63702,0.82978,0.0002246,0.0002246,0.0002246
271,16538,0.72515,0.33067,0.77164,0.95889,0.83594,0.93149,0.67358,0.97015,0.6825,0.82971,0.000218,0.000218,0.000218
272,16596.8,0.69506,0.3401,0.77617,0.94643,0.82822,0.92965,0.67241,0.97729,0.73141,0.83128,0.0002114,0.0002114,0.0002114
273,16656.2,0.68233,0.3215,0.78779,0.95524,0.84375,0.93863,0.67261,0.97163,0.70496,0.82959,0.0002048,0.0002048,0.0002048
274,16715.6,0.69907,0.33861,0.78055,0.9478,0.8511,0.93089,0.67007,0.96324,0.68938,0.83042,0.0001982,0.0001982,0.0001982
275,16774.9,0.71508,0.33468,0.78356,0.94795,0.85367,0.93722,0.68087,0.96099,0.69413,0.83045,0.0001916,0.0001916,0.0001916
276,16834.2,0.71532,0.32848,0.78678,0.94723,0.84142,0.94355,0.6813,0.96834,0.69666,0.82742,0.000185,0.000185,0.000185
277,16892.7,0.71088,0.32395,0.78018,0.95113,0.83594,0.93799,0.66975,0.97615,0.68916,0.82873,0.0001784,0.0001784,0.0001784
278,16951.2,0.68328,0.32627,0.78487,0.96903,0.83594,0.93799,0.6692,0.96897,0.69881,0.82799,0.0001718,0.0001718,0.0001718
279,17009.5,0.6879,0.32691,0.78061,0.97038,0.86719,0.93951,0.67012,0.97784,0.69875,0.82993,0.0001652,0.0001652,0.0001652
280,17068.1,0.69546,0.32761,0.78158,0.97276,0.83704,0.93591,0.67585,0.97419,0.69895,0.83249,0.0001586,0.0001586,0.0001586
281,17126.6,0.67677,0.31997,0.779,0.97291,0.84185,0.93415,0.66516,0.99618,0.70502,0.83414,0.000152,0.000152,0.000152
282,17186.2,0.69746,0.33148,0.79117,0.96453,0.84375,0.93983,0.67857,0.98066,0.75369,0.83282,0.0001454,0.0001454,0.0001454
283,17245,0.68444,0.32666,0.78417,0.95888,0.83594,0.93222,0.67166,0.99393,0.77107,0.83277,0.0001388,0.0001388,0.0001388
284,17303.5,0.66562,0.31182,0.78272,0.95727,0.83594,0.93037,0.66683,1.00344,0.76966,0.83298,0.0001322,0.0001322,0.0001322
285,17362,0.71403,0.31963,0.77772,0.9643,0.8441,0.93039,0.67541,0.97141,0.74616,0.83017,0.0001256,0.0001256,0.0001256
286,17420.4,0.69163,0.32497,0.77132,0.96416,0.84375,0.93648,0.6721,0.96654,0.72745,0.82826,0.000119,0.000119,0.000119
287,17478.8,0.69792,0.31624,0.77778,0.95843,0.85156,0.94227,0.67866,0.96494,0.71412,0.82869,0.0001124,0.0001124,0.0001124
288,17537.1,0.71226,0.32816,0.77666,0.96438,0.84603,0.93934,0.67513,0.96261,0.71305,0.82872,0.0001058,0.0001058,0.0001058
289,17595.4,0.65183,0.30398,0.78348,0.96082,0.83594,0.93852,0.6725,0.97753,0.70572,0.8313,9.92e-05,9.92e-05,9.92e-05
290,17653.6,0.65739,0.31244,0.78432,0.95507,0.83034,0.93663,0.67514,0.9796,0.70257,0.83229,9.26e-05,9.26e-05,9.26e-05
291,17715.3,0.72443,0.34428,0.76999,0.95888,0.82812,0.92899,0.6692,0.97329,0.69096,0.83232,8.6e-05,8.6e-05,8.6e-05
292,17772.4,0.68092,0.32601,0.76162,0.93929,0.84619,0.93664,0.67236,0.98047,0.69098,0.83229,7.94e-05,7.94e-05,7.94e-05
293,17832.3,0.69402,0.31436,0.7685,0.95705,0.87052,0.94371,0.67222,0.97951,0.69612,0.83046,7.28e-05,7.28e-05,7.28e-05
294,17892.1,0.67806,0.31079,0.78502,0.9565,0.85886,0.94404,0.67111,0.98251,0.69491,0.83144,6.62e-05,6.62e-05,6.62e-05
295,17950.4,0.66216,0.29855,0.77698,0.94557,0.85938,0.94015,0.67079,0.99604,0.69509,0.83406,5.96e-05,5.96e-05,5.96e-05
296,18008.7,0.67139,0.30605,0.76382,0.95605,0.84966,0.93756,0.66389,1.01152,0.70431,0.8351,5.3e-05,5.3e-05,5.3e-05
297,18066,0.6737,0.29789,0.76939,0.95558,0.84029,0.93253,0.66248,1.02581,0.70467,0.83579,4.64e-05,4.64e-05,4.64e-05
298,18124.2,0.67557,0.29879,0.77784,0.95196,0.83594,0.93098,0.65415,1.03283,0.70495,0.83619,3.98e-05,3.98e-05,3.98e-05
299,18183.2,0.70276,0.32951,0.77612,0.9555,0.83877,0.93323,0.65829,1.02021,0.70735,0.83526,3.32e-05,3.32e-05,3.32e-05
300,18241.7,0.65223,0.30097,0.77748,0.9475,0.84602,0.93356,0.66238,1.00937,0.70505,0.83477,2.66e-05,2.66e-05,2.66e-05
